{
  "analysis_timestamp": "2025-08-13T20:29:14.571732",
  "execution_time": 3.512547492980957,
  "confidence": 0.0,
  "compression_metrics": [
    {
      "layer_name": "ln_final",
      "compression_ratio": 6.460567823343848,
      "entropy": 0.9072659413195014,
      "anomaly_score": 0.6244002401342726,
      "baseline_comparison": 1.0,
      "is_anomalous": 